bench,instance_id,original_inst_id,language,status,patch_files,patch_blocks,patch_span,gold_context_length,num_agents,repo,commit
Verified,SWE-Bench-Verified__python__maintenance__bugfix__27320d49,scikit-learn__scikit-learn-25232,python,pass,1.0,5.0,11.0,1287.0,86,,f7eea978097085a6781a0e92fc14ba7712a52d75
Verified,SWE-Bench-Verified__python__maintenance__bugfix__e09a2d75,sympy__sympy-13551,python,pass,1.0,1.0,7.0,369.0,44,,9476425b9e34363c2d9ac38e9f04aa75ae54a775
Verified,SWE-Bench-Verified__python__maintenance__bugfix__ac705f35,django__django-14434,python,pass,1.0,1.0,2.0,865.0,80,,5e04e84d67da8163f365e9f5fcd169e2630e2873
Verified,SWE-Bench-Verified__python__maintenance__bugfix__bc1c666f,sympy__sympy-12489,python,pass,1.0,20.0,51.0,6302.0,15,,aa9780761ad8c3c0f68beeef3a0ce5caac9e100b
Verified,SWE-Bench-Verified__python__maintenance__bugfix__0006beec,django__django-14765,python,pass,1.0,1.0,5.0,444.0,104,,4e8121e8e42a24acc3565851c9ef50ca8322b15c
Verified,SWE-Bench-Verified__python__maintenance__bugfix__e5a3bf2a,astropy__astropy-14539,python,pass,1.0,1.0,2.0,253.0,84,,c0a24c1dc957a3b565294213f435fefb2ec99714
Verified,SWE-Bench-Verified__python__maintenance__bugfix__cecff61c,django__django-16819,python,pass,1.0,1.0,9.0,189.0,89,,0b0998dc151feb77068e2387c34cc50ef6b356ae
Verified,SWE-Bench-Verified__python__maintenance__bugfix__986c9e85,django__django-12193,python,pass,1.0,1.0,3.0,285.0,61,,3fb7c12158a2402f0f80824f6778112071235803
Verified,SWE-Bench-Verified__python__maintenance__bugfix__91e36e16,sympy__sympy-21847,python,pass,1.0,2.0,4.0,598.0,99,,d9b18c518d64d0ebe8e35a98c2fb519938b9b151
Verified,SWE-Bench-Verified__python__maintenance__bugfix__f8da42bc,django__django-13449,python,pass,1.0,1.0,42.0,394.0,65,,2a55431a5678af52f669ffe7dff3dd0bd21727f8
Verified,SWE-Bench-Verified__python__maintenance__bugfix__0f3c174a,sphinx-doc__sphinx-8638,python,pass,1.0,1.0,2.0,407.0,10,,4b452338f914d4f6b54704222d70ae8a746e3db5
Verified,SWE-Bench-Verified__python__maintenance__bugfix__60bc9e86,django__django-15863,python,pass,1.0,1.0,2.0,174.0,92,,37c5b8c07be104fd5288cd87f101e48cb7a40298
Verified,SWE-Bench-Verified__python__maintenance__bugfix__31d4fe9d,django__django-14539,python,pass,1.0,1.0,5.0,376.0,89,,6a5ef557f80a8eb6a758ebe99c8bb477ca47459e
Verified,SWE-Bench-Verified__python__maintenance__bugfix__90f381a2,django__django-12858,python,pass,1.0,1.0,2.0,352.0,78,,f2051eb8a7febdaaa43bd33bf5a6108c5f428e59
Verified,SWE-Bench-Verified__python__maintenance__bugfix__497d4650,matplotlib__matplotlib-26342,python,pass,1.0,2.0,6.0,352.0,90,,2aee6ccd7c7e1f8d282c1e7579f4ee546b838542
Verified,SWE-Bench-Verified__python__maintenance__bugfix__abb9b8b0,pytest-dev__pytest-10081,python,pass,1.0,1.0,2.0,443.0,83,,da9a2b584eb7a6c7e924b2621ed0ddaeca0a7bea
Verified,SWE-Bench-Verified__python__maintenance__bugfix__05a89a66,django__django-13109,python,pass,1.0,1.0,2.0,301.0,106,,fbe82f82555bc25dccb476c749ca062f0b522be3
Verified,SWE-Bench-Verified__python__maintenance__bugfix__4f88ede2,scikit-learn__scikit-learn-15100,python,pass,1.0,1.0,5.0,289.0,103,,af8a6e592a1a15d92d77011856d5aa0ec4db4c6c
Verified,SWE-Bench-Verified__python__maintenance__bugfix__15e5aaa3,sympy__sympy-21930,python,pass,1.0,3.0,9.0,569.0,0,,de446c6d85f633271dfec1452f6f28ea783e293f
Verified,SWE-Bench-Verified__python__maintenance__bugfix__09457b9b,matplotlib__matplotlib-25332,python,pass,1.0,1.0,24.0,191.0,59,,66ba515e671638971bd11a34cff12c107a437e0b
Verified,SWE-Bench-Verified__python__maintenance__bugfix__3f745086,django__django-15987,python,pass,1.0,1.0,2.0,383.0,76,,7e6b537f5b92be152779fc492bb908d27fe7c52a
Verified,SWE-Bench-Verified__python__maintenance__bugfix__cb2c6ff3,pydata__xarray-7233,python,pass,1.0,1.0,4.0,274.0,96,,51d37d1be95547059251076b3fadaa317750aab3
Verified,SWE-Bench-Verified__python__maintenance__bugfix__a375715a,sympy__sympy-22456,python,pass,1.0,4.0,12.0,808.0,83,,a3475b3f9ac662cd425157dd3bdb93ad7111c090
Verified,SWE-Bench-Verified__python__maintenance__bugfix__a14d0e2e,matplotlib__matplotlib-24570,python,pass,1.0,1.0,4.0,370.0,76,,8f0003ae902952372824c9917975fb372c026a42
Verified,SWE-Bench-Verified__python__maintenance__bugfix__02b5862c,django__django-7530,python,pass,1.0,1.0,2.0,379.0,93,,f8fab6f90233c7114d642dfe01a4e6d4cb14ee7d
Verified,SWE-Bench-Verified__python__maintenance__bugfix__55a3ef80,django__django-11163,python,pass,1.0,1.0,2.0,276.0,106,,e6588aa4e793b7f56f4cadbfa155b581e0efc59a
Verified,SWE-Bench-Verified__python__maintenance__bugfix__4f130690,scikit-learn__scikit-learn-10844,python,pass,1.0,1.0,2.0,432.0,109,,97523985b39ecde369d83352d7c3baf403b60a22
Verified,SWE-Bench-Verified__python__maintenance__bugfix__4fb8fc10,django__django-16429,python,pass,1.0,1.0,2.0,101.0,105,,6c86495bcee22eac19d7fb040b2988b830707cbd
Verified,SWE-Bench-Verified__python__maintenance__bugfix__8971eeba,scikit-learn__scikit-learn-14983,python,pass,1.0,2.0,9.0,450.0,42,,06632c0d185128a53c57ccc73b25b6408e90bb89
Verified,SWE-Bench-Verified__python__maintenance__bugfix__42c77239,pydata__xarray-2905,python,fail2pass,1.0,1.0,7.0,241.0,71,,7c4e2ac83f7b4306296ff9b7b51aaf016e5ad614
Verified,SWE-Bench-Verified__python__maintenance__bugfix__4b691a35,django__django-17087,python,pass,1.0,1.0,2.0,253.0,76,,4a72da71001f154ea60906a2f74898d32b7322a7
Verified,SWE-Bench-Verified__python__maintenance__bugfix__a7a5e8ed,django__django-14349,python,pass,1.0,2.0,5.0,482.0,97,,a708f39ce67af174df90c5b5e50ad1976cec7cb8
Verified,SWE-Bench-Verified__python__maintenance__bugfix__bc999af3,sympy__sympy-13877,python,fail2pass,1.0,1.5,10.0,1901.6666666666667,32,,1659712001810f5fc563a443949f8e3bb38af4bd
Verified,SWE-Bench-Verified__python__maintenance__bugfix__4e7b7c81,django__django-15741,python,pass,1.0,1.0,2.0,189.0,96,,8c0886b068ba4e224dd78104b93c9638b860b398
Verified,SWE-Bench-Verified__python__maintenance__bugfix__6cf8c11d,django__django-16527,python,pass,1.0,1.0,1.0,265.0,107,,bd366ca2aeffa869b7dbc0b0aa01caea75e6dc31
Verified,SWE-Bench-Verified__python__maintenance__bugfix__3185b834,astropy__astropy-14598,python,pass,1.0,2.0,4.0,640.0,7,,80c3854a5f4f4a6ab86c03d9db7854767fcd83c1
Verified,SWE-Bench-Verified__python__maintenance__bugfix__ec975b6c,pydata__xarray-4695,python,pass,1.0,1.0,2.0,320.0,51,,51ef2a66c4e0896eab7d2b03e3dfb3963e338e3c
Verified,SWE-Bench-Verified__python__maintenance__bugfix__2e76c8cd,pallets__flask-5014,python,pass,1.0,1.0,2.0,119.0,102,,7ee9ceb71e868944a46e1ff00b506772a53a4f1d
Verified,SWE-Bench-Verified__python__maintenance__bugfix__42a80be0,scikit-learn__scikit-learn-9288,python,pass,1.0,2.0,6.0,1221.0,85,,3eacf948e0f95ef957862568d87ce082f378e186
Verified,SWE-Bench-Verified__python__maintenance__bugfix__88e1ffd3,psf__requests-1142,python,pass,1.0,1.0,1.0,467.0,61,,22623bd8c265b78b161542663ee980738441c307
Verified,SWE-Bench-Verified__python__maintenance__bugfix__51f3cc91,scikit-learn__scikit-learn-14894,python,pass,1.0,1.0,11.0,458.0,106,,fdbaa58acbead5a254f2e6d597dc1ab3b947f4c6
Verified,SWE-Bench-Verified__python__maintenance__bugfix__9a05fe0c,django__django-11179,python,pass,1.0,1.0,1.0,326.0,100,,19fc6376ce67d01ca37a91ef2f55ef769f50513a
Verified,SWE-Bench-Verified__python__maintenance__bugfix__1ad7449c,django__django-14404,python,pass,1.0,1.0,8.0,546.0,32,,de32fe83a2e4a20887972c69a0693b94eb25a88b
Verified,SWE-Bench-Verified__python__maintenance__bugfix__9b321036,sympy__sympy-15017,python,pass,1.0,1.0,2.0,242.0,48,,6810dee426943c1a2fe85b5002dd0d4cf2246a05
Verified,SWE-Bench-Verified__python__maintenance__bugfix__9c470c46,matplotlib__matplotlib-22871,python,pass,1.0,1.0,6.0,323.0,44,,a7b7260bf06c20d408215d95ce20a1a01c12e5b1
Verified,SWE-Bench-Verified__python__maintenance__bugfix__8d1c297a,sympy__sympy-13647,python,pass,1.0,1.0,2.0,281.0,95,,67e3c956083d0128a621f65ee86a7dacd4f9f19f
Verified,SWE-Bench-Verified__python__maintenance__bugfix__bdec299d,scikit-learn__scikit-learn-13142,python,pass,1.0,2.0,5.0,645.0,89,,1c8668b0a021832386470ddf740d834e02c66f69
Verified,SWE-Bench-Verified__python__maintenance__bugfix__3d378646,scikit-learn__scikit-learn-14141,python,pass,1.0,1.0,1.0,93.0,107,,3d997697fdd166eff428ea9fd35734b6a8ba113e
Verified,SWE-Bench-Verified__python__maintenance__bugfix__12d848d7,django__django-11433,python,pass,1.0,1.0,7.0,485.0,15,,21b1d239125f1228e579b1ce8d94d4d5feadd2a6
Verified,SWE-Bench-Verified__python__maintenance__bugfix__ac127191,sympy__sympy-23413,python,fail2pass,1.0,1.0,5.0,753.0,18,,10de1a18a0efac0b19b611e40c928250dda688bf
Verified,SWE-Bench-Verified__python__maintenance__bugfix__7db465d6,sphinx-doc__sphinx-9698,python,pass,1.0,1.0,2.0,345.0,90,,f050a7775dfc9000f55d023d36d925a8d02ccfa8
Verified,SWE-Bench-Verified__python__maintenance__bugfix__d561b333,sympy__sympy-19954,python,pass,1.0,1.0,7.0,888.0,92,,6f54459aa0248bf1467ad12ee6333d8bc924a642
Verified,SWE-Bench-Verified__python__maintenance__bugfix__681ea2b6,django__django-15569,python,pass,1.0,1.0,1.0,207.0,104,,884b4c27f506b3c29d58509fc83a35c30ea10d94
Verified,SWE-Bench-Verified__python__maintenance__bugfix__58d0e27a,sympy__sympy-21612,python,pass,1.0,1.0,7.0,320.0,5,,b4777fdcef467b7132c055f8ac2c9a5059e6a145
Verified,SWE-Bench-Verified__python__maintenance__bugfix__768d44e5,django__django-13551,python,pass,1.0,2.0,13.0,860.0,51,,7f9e4524d6b23424cf44fbe1bf1f4e70f6bb066e
Verified,SWE-Bench-Verified__python__maintenance__bugfix__5d44a351,matplotlib__matplotlib-20676,python,pass,1.0,1.0,7.0,354.0,19,,6786f437df54ca7780a047203cbcfaa1db8dc542
Verified,SWE-Bench-Verified__python__maintenance__bugfix__9dcac3ec,sphinx-doc__sphinx-9367,python,pass,1.0,1.0,8.0,350.0,100,,6918e69600810a4664e53653d6ff0290c3c4a788
Verified,SWE-Bench-Verified__python__maintenance__bugfix__ce7f17a5,matplotlib__matplotlib-25479,python,pass,2.0,2.0,14.0,443.0,0,,7fdf772201e4c9bafbc16dfac23b5472d6a53fa2
Verified,SWE-Bench-Verified__python__maintenance__bugfix__726ccefd,sympy__sympy-22914,python,pass,1.0,1.0,3.0,87.0,102,,c4e836cdf73fc6aa7bab6a86719a0f08861ffb1d
Verified,SWE-Bench-Verified__python__maintenance__bugfix__186c0af4,sympy__sympy-13615,python,pass,1.0,1.0,11.0,210.0,42,,50d8a102f0735da8e165a0369bbb994c7d0592a6
Verified,SWE-Bench-Verified__python__maintenance__bugfix__d3576321,sympy__sympy-20428,python,pass,1.0,1.0,10.0,148.0,0,,c0e85160406f9bf2bcaa2992138587668a1cd0bc
Verified,SWE-Bench-Verified__python__maintenance__bugfix__93721db4,django__django-10880,python,pass,1.0,1.0,2.0,329.0,86,,838e432e3e5519c5383d12018e6c78f8ec7833c1
Verified,SWE-Bench-Verified__python__maintenance__bugfix__6809df19,django__django-15467,python,pass,1.0,1.0,2.0,306.0,107,,e0442a628eb480eac6a7888aed5a86f83499e299
Verified,SWE-Bench-Verified__python__maintenance__bugfix__96afaad2,django__django-14089,python,pass,1.0,1.0,3.0,123.0,106,,d01709aae21de9cd2565b9c52f32732ea28a2d98
Verified,SWE-Bench-Verified__python__maintenance__bugfix__20294df2,sympy__sympy-16886,python,pass,1.0,1.0,2.0,214.0,102,,c50643a49811e9fe2f4851adff4313ad46f7325e
Verified,SWE-Bench-Verified__python__maintenance__bugfix__4d207ce8,django__django-13028,python,pass,1.0,1.0,9.0,320.0,90,,78ad4b4b0201003792bfdbf1a7781cbc9ee03539
Verified,SWE-Bench-Verified__python__maintenance__bugfix__a5ec0eec,django__django-14999,python,pass,1.0,1.0,11.0,601.0,76,,a754b82dac511475b6276039471ccd17cc64aeb8
Verified,SWE-Bench-Verified__python__maintenance__bugfix__71f348da,astropy__astropy-13579,python,pass,1.0,1.0,14.0,506.0,81,,0df94ff7097961e92fd7812036a24b145bc13ca8
Verified,SWE-Bench-Verified__python__maintenance__bugfix__765e5e14,sphinx-doc__sphinx-10449,python,pass,1.0,3.0,13.0,853.0,61,,36367765fe780f962bba861bf368a765380bbc68
Verified,SWE-Bench-Verified__python__maintenance__bugfix__0eecae1e,pytest-dev__pytest-7432,python,pass,1.0,1.0,2.0,228.0,82,,e6e300e729dd33956e5448d8be9a0b1540b4e53a
Verified,SWE-Bench-Verified__python__maintenance__bugfix__c4c8d376,django__django-13925,python,pass,1.0,1.0,1.0,233.0,50,,0c42cdf0d2422f4c080e93594d5d15381d6e955e
Verified,SWE-Bench-Verified__python__maintenance__bugfix__35f76ab1,matplotlib__matplotlib-22865,python,pass,1.0,1.0,8.0,362.0,45,,c6c7ec1978c22ae2c704555a873d0ec6e1e2eaa8
Verified,SWE-Bench-Verified__python__maintenance__bugfix__90532e38,pydata__xarray-4075,python,pass,1.0,1.0,3.0,269.0,106,,19b088636eb7d3f65ab7a1046ac672e0689371d8
Verified,SWE-Bench-Verified__python__maintenance__bugfix__c2f0f2be,pytest-dev__pytest-7205,python,pass,1.0,2.0,3.0,232.0,73,,5e7f1ab4bf58e473e5d7f878eb2b499d7deabd29
Verified,SWE-Bench-Verified__python__maintenance__bugfix__b5cec962,sphinx-doc__sphinx-7462,python,pass,2.0,2.0,5.0,775.0,0,,b3e26a6c851133b82b50f4b68b53692076574d13
Verified,SWE-Bench-Verified__python__maintenance__bugfix__bdde6d9c,django__django-12125,python,pass,1.0,1.0,2.0,238.0,54,,89d41cba392b759732ba9f1db4ff29ed47da6a56
Verified,SWE-Bench-Verified__python__maintenance__bugfix__d3bf673c,pydata__xarray-6599,python,fail2pass,1.0,2.0,6.0,336.0,42,,6bb2b855498b5c68d7cca8cceb710365d58e6048
Verified,SWE-Bench-Verified__python__maintenance__bugfix__dc72c033,django__django-12155,python,pass,1.0,1.0,3.0,1447.0,108,,e8fcdaad5c428878d0a5d6ba820d957013f75595
Verified,SWE-Bench-Verified__python__maintenance__bugfix__51e329de,sympy__sympy-12419,python,fail2pass,1.0,4.0,9.0,754.0,61,,479939f8c65c8c2908bbedc959549a257a7c0b0b
Verified,SWE-Bench-Verified__python__maintenance__bugfix__7ec77e9c,sympy__sympy-12096,python,pass,1.0,1.0,5.0,244.0,104,,d7c3045115693e887bcd03599b7ca4650ac5f2cb
Verified,SWE-Bench-Verified__python__maintenance__bugfix__c4bcf730,sympy__sympy-15976,python,fail2pass,1.0,2.0,19.0,1560.5,23,,701441853569d370506514083b995d11f9a130bd
Verified,SWE-Bench-Verified__python__maintenance__bugfix__80c9776a,django__django-11555,python,pass,1.0,1.0,17.0,242.0,45,,8dd5877f58f84f2b11126afbd0813e24545919ed
Verified,SWE-Bench-Verified__python__maintenance__bugfix__a571e81e,matplotlib__matplotlib-25122,python,pass,1.0,2.0,8.0,811.0,98,,5ec2bd279729ff534719b8bf238dbbca907b93c5
Verified,SWE-Bench-Verified__python__maintenance__bugfix__c20c3c4f,django__django-14787,python,pass,1.0,1.0,4.0,406.0,91,,004b4620f6f4ad87261e149898940f2dcd5757ef
Verified,SWE-Bench-Verified__python__maintenance__bugfix__1a760e52,django__django-11099,python,pass,1.0,2.0,4.0,480.0,107,,d26b2424437dabeeca94d7900b37d2df4410da0c
Verified,SWE-Bench-Verified__python__maintenance__bugfix__d0723f55,sphinx-doc__sphinx-8120,python,pass,2.0,3.0,5.0,1042.0,76,,795747bdb6b8fb7d717d5bbfc2c3316869e66a73
Verified,SWE-Bench-Verified__python__maintenance__bugfix__4d321c4a,sympy__sympy-20590,python,pass,1.0,1.0,1.0,233.0,58,,cffd4e0f86fefd4802349a9f9b19ed70934ea354
Verified,SWE-Bench-Verified__python__maintenance__bugfix__84effcbc,django__django-13158,python,pass,1.0,2.0,8.0,511.0,64,,7af8f4127397279d19ef7c7899e93018274e2f9b
Verified,SWE-Bench-Verified__python__maintenance__bugfix__b91692e0,scikit-learn__scikit-learn-25931,python,pass,1.0,3.0,7.0,730.0,85,,e3d1f9ac39e4bf0f31430e779acc50fb05fe1b64
Verified,SWE-Bench-Verified__python__maintenance__bugfix__16c72e4c,django__django-12419,python,pass,1.0,1.0,2.0,160.0,101,,7fa1a93c6c8109010a6ff3f604fda83b604e0e97
Verified,SWE-Bench-Verified__python__maintenance__bugfix__20eb5bc8,pydata__xarray-4966,python,pass,1.0,1.0,8.0,295.0,96,,37522e991a32ee3c0ad1a5ff8afe8e3eb1885550
Verified,SWE-Bench-Verified__python__maintenance__bugfix__1c5aa714,django__django-14500,python,pass,1.0,2.0,9.0,615.0,79,,8c3bd0b708b488a1f6e8bd8cc6b96569904605be
Verified,SWE-Bench-Verified__python__maintenance__bugfix__0b74a2c7,django__django-15104,python,pass,1.0,1.0,2.0,289.0,107,,a7e7043c8746933dafce652507d3b821801cdc7d
Verified,SWE-Bench-Verified__python__maintenance__bugfix__c9656d7a,django__django-15380,python,pass,1.0,1.0,2.0,514.0,85,,71e7c8e73712419626f1c2b6ec036e8559a2d667
Verified,SWE-Bench-Verified__python__maintenance__bugfix__2ccbdc72,django__django-15930,python,pass,1.0,1.0,5.0,173.0,71,,63884829acd207404f2a5c3cc1d6b4cd0a822b70
Verified,SWE-Bench-Verified__python__maintenance__bugfix__dded0f96,django__django-15368,python,pass,1.0,2.0,3.0,842.0,105,,e972620ada4f9ed7bc57f28e133e85c85b0a7b20
Verified,SWE-Bench-Verified__python__maintenance__bugfix__1efc2b51,django__django-16485,python,pass,1.0,1.0,2.0,201.0,102,,39f83765e12b0e5d260b7939fc3fe281d879b279
Verified,SWE-Bench-Verified__python__maintenance__bugfix__d2a786e2,django__django-13516,python,pass,1.0,1.0,4.0,163.0,96,,b7da588e883e12b8ac3bb8a486e654e30fc1c6c8
Verified,SWE-Bench-Verified__python__maintenance__bugfix__1ae3c3bd,django__django-13417,python,pass,1.0,1.0,2.0,248.0,95,,71ae1ab0123582cc5bfe0f7d5f4cc19a9412f396
Verified,SWE-Bench-Verified__python__maintenance__bugfix__a8414dbd,matplotlib__matplotlib-25311,python,pass,1.0,2.0,21.0,498.0,58,,430fb1db88843300fb4baae3edc499bbfe073b0c
Verified,SWE-Bench-Verified__python__maintenance__bugfix__fd8123b1,django__django-15629,python,fail2pass,4.0,6.0,27.0,2419.5,0,,694cf458f16b8d340a3195244196980b2dec34fd
Verified,SWE-Bench-Verified__python__maintenance__bugfix__3e44d93a,django__django-11815,python,pass,1.0,1.0,4.0,362.0,76,,e02f67ef2d03d48128e7a118bf75f0418e24e8ac
Verified,SWE-Bench-Verified__python__maintenance__bugfix__34e61891,matplotlib__matplotlib-20826,python,pass,1.0,1.0,5.0,250.0,37,,a0d2e399729d36499a1924e5ca5bc067c8396810
Verified,SWE-Bench-Verified__python__maintenance__bugfix__220feee3,pydata__xarray-6721,python,pass,1.0,1.0,3.0,247.0,57,,cc183652bf6e1273e985e1c4b3cba79c896c1193
Verified,SWE-Bench-Verified__python__maintenance__bugfix__13b74fcf,sympy__sympy-17318,python,pass,2.0,3.0,16.0,683.0,10,,d4e0231b08147337745dcf601e62de7eefe2fb2d
Verified,SWE-Bench-Verified__python__maintenance__bugfix__46dc77a5,django__django-12262,python,pass,1.0,1.0,2.0,375.0,74,,69331bb851c34f05bc77e9fc24020fe6908b9cd5
Verified,SWE-Bench-Verified__python__maintenance__bugfix__4f685b8e,pydata__xarray-6461,python,pass,1.0,1.0,10.0,417.0,85,,851dadeb0338403e5021c3fbe80cbc9127ee672d
Verified,SWE-Bench-Verified__python__maintenance__bugfix__1d90db61,astropy__astropy-14096,python,pass,1.0,1.0,13.0,376.0,78,,1a4462d72eb03f30dc83a879b1dd57aac8b2c18b
Verified,SWE-Bench-Verified__python__maintenance__bugfix__227490c2,django__django-14311,python,fail2pass,1.0,1.0,10.0,467.0,51,,5a8e8f80bb82a867eab7e4d9d099f21d0a976d22
Verified,SWE-Bench-Verified__python__maintenance__bugfix__e2250ebc,django__django-17029,python,pass,1.0,1.0,2.0,197.0,106,,953f29f700a60fc09b08b2c2270c12c447490c6a
Verified,SWE-Bench-Verified__python__maintenance__bugfix__42ae5e9f,matplotlib__matplotlib-22719,python,pass,1.0,2.0,6.0,798.0,102,,a2a1b0a11b993fe5f8fab64b6161e99243a6393c
Verified,SWE-Bench-Verified__python__maintenance__bugfix__b10492be,django__django-15022,python,pass,1.0,2.0,4.0,679.0,65,,e1d673c373a7d032060872b690a92fc95496612e
Verified,SWE-Bench-Verified__python__maintenance__bugfix__074f37ac,sympy__sympy-22714,python,pass,1.0,1.0,2.0,410.0,91,,3ff4717b6aef6086e78f01cdfa06f64ae23aed7e
Verified,SWE-Bench-Verified__python__maintenance__bugfix__3d43f489,sympy__sympy-20801,python,pass,1.0,1.0,4.0,353.0,78,,e11d3fed782146eebbffdc9ced0364b223b84b6c
Verified,SWE-Bench-Verified__python__maintenance__bugfix__2c34be8a,django__django-13012,python,pass,1.0,1.0,5.0,131.0,74,,22a59c01c00cf9fbefaee0e8e67fab82bbaf1fd2
Verified,SWE-Bench-Verified__python__maintenance__bugfix__5900c195,scikit-learn__scikit-learn-11310,python,pass,1.0,4.0,9.0,933.0,97,,553b5fb8f84ba05c8397f26dd079deece2b05029
Verified,SWE-Bench-Verified__python__maintenance__bugfix__7ccc36b7,matplotlib__matplotlib-23314,python,pass,1.0,1.0,3.0,132.0,84,,97fc1154992f64cfb2f86321155a7404efeb2d8a
Verified,SWE-Bench-Verified__python__maintenance__bugfix__9ea965a5,sympy__sympy-13372,python,pass,1.0,1.0,4.0,439.0,95,,30379ea6e225e37833a764ac2da7b7fadf5fe374
Verified,SWE-Bench-Verified__python__maintenance__bugfix__d105d187,django__django-15103,python,fail2pass,1.5,2.0,12.0,742.0,82,,dd528cb2cefc0db8b91a7ff0a2bc87305b976597
Verified,SWE-Bench-Verified__python__maintenance__bugfix__5c82134f,django__django-13343,python,pass,1.0,2.0,16.0,462.0,82,,ece18207cbb64dd89014e279ac636a6c9829828e
Verified,SWE-Bench-Verified__python__maintenance__bugfix__f667fa43,django__django-15499,python,pass,1.0,1.0,13.0,182.0,98,,d90e34c61b27fba2527834806639eebbcfab9631
Verified,SWE-Bench-Verified__python__maintenance__bugfix__6f3e4cd9,django__django-11749,python,pass,1.0,1.0,40.0,454.0,81,,350123f38c2b6217c38d70bfbd924a9ba3df1289
Verified,SWE-Bench-Verified__python__maintenance__bugfix__67bcb30f,matplotlib__matplotlib-26113,python,pass,1.0,1.0,2.0,313.0,96,,5ca694b38d861c0e24cd8743753427dda839b90b
Verified,SWE-Bench-Verified__python__maintenance__bugfix__2ab7d0fc,django__django-15814,python,pass,1.0,1.0,2.0,231.0,84,,5eb6a2b33d70b9889e1cafa12594ad6f80773d3a
Verified,SWE-Bench-Verified__python__maintenance__bugfix__45db86cf,django__django-14140,python,pass,1.0,1.0,12.0,660.0,29,,45814af6197cfd8f4dc72ee43b90ecde305a1d5a
Verified,SWE-Bench-Verified__python__maintenance__bugfix__1ce4c38e,astropy__astropy-14995,python,pass,1.0,1.0,3.0,461.0,99,,b16c7d12ccbc7b2d20364b89fb44285bcbfede54
Verified,SWE-Bench-Verified__python__maintenance__bugfix__81f2c925,django__django-12143,python,pass,1.0,1.0,3.0,360.0,105,,5573a54d409bb98b5c5acdb308310bed02d392c2
Verified,SWE-Bench-Verified__python__maintenance__bugfix__607f6b9e,django__django-11603,python,pass,1.0,2.0,2.0,269.0,105,,f618e033acd37d59b536d6e6126e6c5be18037f6
Verified,SWE-Bench-Verified__python__maintenance__bugfix__183a2a5b,django__django-15973,python,pass,1.0,1.0,2.0,302.0,5,,2480554dc4ada4ecf3f6a08e318735a2e50783f3
Verified,SWE-Bench-Verified__python__maintenance__bugfix__7afb30f5,sphinx-doc__sphinx-11445,python,pass,1.0,4.0,8.0,969.0,49,,71db08c05197545944949d5aa76cd340e7143627
Verified,SWE-Bench-Verified__python__maintenance__bugfix__7489fdd8,django__django-11451,python,pass,1.0,1.0,3.0,292.0,91,,e065b293878b1e3ea56655aa9d33e87576cd77ff
Verified,SWE-Bench-Verified__python__maintenance__bugfix__3c7d37b7,sympy__sympy-23824,python,pass,1.0,1.0,4.0,307.0,92,,39de9a2698ad4bb90681c0fdb70b30a78233145f
Verified,SWE-Bench-Verified__python__maintenance__bugfix__7439767b,sympy__sympy-14976,python,pass,1.0,1.0,3.0,223.0,53,,9cbea134220b0b951587e11b63e2c832c7246cbc
Verified,SWE-Bench-Verified__python__maintenance__bugfix__60b000ec,django__django-16950,python,fail,1.0,1.0,8.0,322.0,18,,f64fd47a7627ed6ffe2df2a32ded6ee528a784eb
Verified,SWE-Bench-Verified__python__maintenance__bugfix__83fd3b37,sphinx-doc__sphinx-8265,python,fail,1.0,1.0,2.0,510.0,13,,b428cd2404675475a5c3dc2a2b0790ba57676202
Verified,SWE-Bench-Verified__python__maintenance__bugfix__67699b64,matplotlib__matplotlib-23299,python,fail,1.0,2.0,9.0,252.0,6,,3eadeacc06c9f2ddcdac6ae39819faa9fbee9e39
Verified,SWE-Bench-Verified__python__maintenance__bugfix__61a7a81e,django__django-12663,python,fail,1.0,1.0,3.0,239.0,52,,fa5e7e46d875d4143510944f19d79df7b1739bab
Verified,SWE-Bench-Verified__python__maintenance__bugfix__fb07ed8b,django__django-15382,python,fail,1.0,1.0,4.0,404.0,74,,770d3e6a4ce8e0a91a9e27156036c1985e74d4a3
Verified,SWE-Bench-Verified__python__maintenance__bugfix__ebf021d0,django__django-16263,python,fail,3.0,8.0,34.0,4895.0,0,,321ecb40f4da842926e1bc07e11df4aabe53ca4b
Verified,SWE-Bench-Verified__python__maintenance__bugfix__afcc47be,django__django-16032,python,fail,1.0,1.0,6.0,1395.6666666666667,63,,0c3981eb5094419fe200eb46c71b5376a2266166
Verified,SWE-Bench-Verified__python__maintenance__bugfix__af69d880,sympy__sympy-22080,python,fail,1.5,2.0,2.5,590.8,2,,3f8c8c2377cb8e0daaf8073e8d03ac7d87580813
Verified,SWE-Bench-Verified__python__maintenance__bugfix__ec6fdd6e,scikit-learn__scikit-learn-25747,python,fail,1.0,2.0,28.0,402.0,14,,2c867b8f822eb7a684f0d5c4359e4426e1c9cfe0
Verified,SWE-Bench-Verified__python__maintenance__bugfix__994d041f,django__django-14792,python,fail,1.0,1.0,16.0,137.0,1,,d89f976bddb49fb168334960acc8979c3de991fa
Verified,SWE-Bench-Verified__python__maintenance__bugfix__e5236b5f,pytest-dev__pytest-10356,python,fail,1.0,2.0,30.0,629.0,0,,3c1534944cbd34e8a41bc9e76818018fadefc9a1
Verified,SWE-Bench-Verified__python__maintenance__bugfix__2e3d6eae,django__django-15252,python,fail,1.0,1.0,34.0,291.0,1,,361bb8f786f112ee275be136795c0b1ecefff928
Verified,SWE-Bench-Verified__python__maintenance__bugfix__bebfd692,matplotlib__matplotlib-14623,python,fail,3.0,6.0,53.0,1914.6666666666667,54,,d65c9ca20ddf81ef91199e6d819f9d3506ef477c
Verified,SWE-Bench-Verified__python__maintenance__bugfix__f3695f8d,django__django-15563,python,fail,2.0,3.0,39.0,949.0,15,,9ffd4eae2ce7a7100c98f681e2b6ab818df384a4
Verified,SWE-Bench-Verified__python__maintenance__bugfix__8c647f3a,sphinx-doc__sphinx-9602,python,fail,1.0,3.0,26.0,838.0,7,,6c38f68dae221e8cfc70c137974b8b88bd3baaab
Verified,SWE-Bench-Verified__python__maintenance__bugfix__914c325d,django__django-16631,python,fail,2.0,3.0,24.0,826.0,0,,9b224579875e30203d079cc2fee83b116d98eb78
Verified,SWE-Bench-Verified__python__maintenance__bugfix__07bafddd,scikit-learn__scikit-learn-26323,python,fail,1.0,2.0,26.0,322.0,95,,586f4318ffcdfbd9a1093f35ad43e81983740b66
Verified,SWE-Bench-Verified__python__maintenance__bugfix__1409977d,pylint-dev__pylint-4604,python,fail,2.0,3.0,14.0,493.0,0,,1e55ae64624d28c5fe8b63ad7979880ee2e6ef3f
Verified,SWE-Bench-Verified__python__maintenance__bugfix__5c1509d5,django__django-15695,python,fail,1.0,1.0,4.0,314.0,10,,647480166bfe7532e8c471fef0146e3a17e6c0c9
Verified,SWE-Bench-Verified__python__maintenance__bugfix__abfdb2c5,django__django-13195,python,fail,2.25,2.25,16.5,1049.7142857142858,2,,156a2138db20abc89933121e4ff2ee2ce56a173a
Verified,SWE-Bench-Verified__python__maintenance__bugfix__497deb6f,django__django-12406,python,fail,2.0,3.0,5.0,1297.2,0,,335c9c94acf263901fb023404408880245b0c4b4
Verified,SWE-Bench-Verified__python__maintenance__bugfix__e989ba2d,psf__requests-6028,python,fail,1.0,1.0,3.0,127.0,4,,0192aac24123735b3eaf9b08df46429bb770c283
Verified,SWE-Bench-Verified__python__maintenance__bugfix__982277e4,pytest-dev__pytest-7324,python,fail,1.0,3.0,14.0,518.0,35,,19ad5889353c7f5f2b65cc2acd346b7a9e95dfcd
Verified,SWE-Bench-Verified__python__maintenance__bugfix__ee10f0e4,django__django-13513,python,fail,1.0,4.0,14.0,2123.0,0,,6599608c4d0befdcb820ddccce55f183f247ae4f
Verified,SWE-Bench-Verified__python__maintenance__bugfix__01527b89,django__django-14351,python,fail,1.0,1.0,6.0,178.0,47,,06fd4df41afb5aa1d681b853c3c08d8c688ca3a5
Verified,SWE-Bench-Verified__python__maintenance__bugfix__83a70168,sympy__sympy-16597,python,fail,3.0,6.0,30.0,6121.0,0,,6fd65310fa3167b9626c38a5487e171ca407d988
Verified,SWE-Bench-Verified__python__maintenance__bugfix__8f9e4358,django__django-16454,python,fail,1.0,2.0,3.0,226.0,29,,1250483ebf73f7a82ff820b94092c63ce4238264
Verified,SWE-Bench-Verified__python__maintenance__bugfix__3b4c72f1,sympy__sympy-13852,python,fail,1.0,4.0,10.0,1125.0,0,,c935e1d106743efd5bf0705fbeedbd18fadff4dc
Verified,SWE-Bench-Verified__python__maintenance__bugfix__2d5d4dcd,django__django-11400,python,fail,3.0,4.0,22.0,1455.0,0,,1f8382d34d54061eddc41df6994e20ee38c60907
Verified,SWE-Bench-Verified__python__maintenance__bugfix__e97ac668,django__django-11790,python,fail,1.0,1.0,5.0,368.0,26,,b1d6b35e146aea83b171c1b921178bbaae2795ed
Verified,SWE-Bench-Verified__python__maintenance__bugfix__30065f19,sphinx-doc__sphinx-9461,python,fail,3.0,7.0,62.0,1779.4,0,,939c7bb7ff7c53a4d27df067cea637540f0e1dad
Verified,SWE-Bench-Verified__python__maintenance__bugfix__da598baa,pylint-dev__pylint-8898,python,fail,3.0,5.0,22.0,793.0,9,,1f8c4d9eb185c16a2c1d881c054f015e1c2eb334
Verified,SWE-Bench-Verified__python__maintenance__bugfix__5555e84c,django__django-13023,python,fail,1.0,1.0,2.0,286.0,55,,f83b44075dafa429d59e8755aa47e15577cc49f9
Verified,SWE-Bench-Verified__python__maintenance__bugfix__409b7811,django__django-11820,python,fail,1.0,1.0,3.0,424.0,1,,c2678e49759e5c4c329bff0eeca2886267005d21
Verified,SWE-Bench-Verified__python__maintenance__bugfix__59acbd9a,sphinx-doc__sphinx-7910,python,pass,1.0,2.0,22.0,485.0,73,,27ac10de04697e2372d31db5548e56a7c6d9265d
Verified,SWE-Bench-Verified__python__maintenance__bugfix__1eaeabf4,sympy__sympy-23262,python,fail,1.0,1.0,3.0,367.0,79,,fdc707f73a65a429935c01532cd3970d3355eab6
Verified,SWE-Bench-Verified__python__maintenance__bugfix__2d984316,matplotlib__matplotlib-24627,python,pass,1.0,1.0,84.0,297.0,68,,9d22ab09d52d279b125d8770967569de070913b2
Verified,SWE-Bench-Verified__python__maintenance__bugfix__deb49033,astropy__astropy-13398,python,fail,3.0,7.0,25.0,2946.3333333333335,0,,6500928dc0e57be8f06d1162eacc3ba5e2eff692
Verified,SWE-Bench-Verified__python__maintenance__bugfix__c923cfa8,django__django-13809,python,fail2pass,1.0,1.5,10.0,592.6666666666666,88,,bef6f7584280f1cc80e5e2d80b7ad073a93d26ec
Verified,SWE-Bench-Verified__python__maintenance__bugfix__28ed0b77,sphinx-doc__sphinx-10614,python,fail,1.0,1.0,8.0,610.0,2,,ac2b7599d212af7d04649959ce6926c63c3133fa
Verified,SWE-Bench-Verified__python__maintenance__bugfix__3146e19b,matplotlib__matplotlib-26208,python,fail,1.0,2.0,28.0,304.0,2,,f0f133943d3e4f1e2e665291fe1c8f658a84cc09
